<?xml version="1.0" encoding="UTF-8"?>
<!-- Logger Document -->
<aptlogger>
  <!--  Set the log output mode
    CONSOLE       console output
    FILE          log file output
    SYSLOG        syslog output
    CONSOLE,FILE  both console and the log file output
  -->
  <output>CONSOLE</output>

  <!--  Set the format of the log messages
    DATE          date output
    TIME          time output
    PRIORITY      priority output
    MARK          file:line marker output
    THREAD        calling thread identifier output
  -->
  <headers>DATE,TIME,PRIORITY</headers>

  <!--  Set the priority of the default log source to one of
    EMERGENCY     system is unusable
    ALERT         action must be taken immediately
    CRITICAL      critical condition
    ERROR         error condition
    WARNING       warning condition
    NOTICE        normal, but significant condition
    INFO          informational message
    DEBUG         debug-level message
  -->
  <priority>INFO</priority>

  <!--  Set the masking mode of the default log source to one of
    NONE          log everything as is
    COMPLETE      mask private data completely
    ENCRYPTED     encrypt private data
  -->
  <masking>NONE</masking>

  <!--
    Besides the default log source, there can be additional log sources,
    which may have different priority levels and log masking modes set.
    This allows to apply flexible filtering rules per log source.
  -->
  <sources>
    <source name="MPF" priority="INFO" masking="NONE"/>
    <source name="UNIRTSP" priority="INFO" masking="NONE"/>
    <source name="SOFIASIP" priority="INFO" masking="NONE"/>
  </sources>
</aptlogger>
