<?xml version="1.0" encoding="UTF-8"?>
<umcscenario name="synth" class="Synthesizer" profile="uni2">
  <resource-discovery enable="0"/>
  <speak enable="1" content-type="application/synthesis+ssml" content-location="speak.xml"/>
  <!-- <speak enable="1" content-type="text/plain" content-location="speak.txt"/> -->

  <termination enable="1">
    <capabilities>
      <codec name="LPCM" rates="8000 16000"/>
      <!-- <codec name="PCMU" rates="8000 16000"/> -->
    </capabilities>
  </termination>
  <!--
  <rtp-termination enable="1" ip="127.0.0.1" port="5678">
    <codecs="PCMU PCMA L16/96/8000 PCMU/97/16000 telephone-event/101/8000"/>
  </rtp-termination>
  -->
</umcscenario>
